,title,id,url
0,无名,35372742,https://movie.douban.com/subject/35372742/
1,湖南卫视2022-2023年跨年演唱会,36122241,https://movie.douban.com/subject/36122241/
2,冰雨火,34908108,https://movie.douban.com/subject/34908108/
3,风起洛阳,33442334,https://movie.douban.com/subject/33442334/
4,理想照耀中国,35209733,https://movie.douban.com/subject/35209733/
5,有翡,27069428,https://movie.douban.com/subject/27069428/
6,花的游吟,35263095,https://movie.douban.com/subject/35263095/
7,我的奇怪朋友,27591191,https://movie.douban.com/subject/27591191/
8,天天云时间,34967834,https://movie.douban.com/subject/34967834/
18,余生，请多指教,30403219,https://movie.douban.com/subject/30403219/
19,斗罗大陆,30313969,https://movie.douban.com/subject/30313969/
20,狼殿下,26743567,https://movie.douban.com/subject/26743567/
21,2019最美表演,34906805,https://movie.douban.com/subject/34906805/
22,庆余年 第一季,25853071,https://movie.douban.com/subject/25853071/
23,诛仙1,25779217,https://movie.douban.com/subject/25779217/
24,素人特工,27155276,https://movie.douban.com/subject/27155276/
25,陈情令,27195020,https://movie.douban.com/subject/27195020/
26,斗破苍穹,26882446,https://movie.douban.com/subject/26882446/
27,哦！我的皇帝陛下 第二季,34807445,https://movie.douban.com/subject/34807445/
28,哦！我的皇帝陛下 第一季,27135558,https://movie.douban.com/subject/27135558/
29,捉妖记2,26575103,https://movie.douban.com/subject/26575103/
30,相爱穿梭千年2：月光下的交换,26615597,https://movie.douban.com/subject/26615597/
31,超星星学园,26765418,https://movie.douban.com/subject/26765418/
46,两个人的小森林,35431984,https://movie.douban.com/subject/35431984/
47,苍兰诀,34779776,https://movie.douban.com/subject/34779776/
48,月光变奏曲,35058573,https://movie.douban.com/subject/35058573/
49,刺杀小说家,26826330,https://movie.douban.com/subject/26826330/
50,少爷与我的罗曼史,34951279,https://movie.douban.com/subject/34951279/
51,少主且慢行 第二季,34972208,https://movie.douban.com/subject/34972208/
52,少主且慢行 第一季,34463312,https://movie.douban.com/subject/34463312/
53,下一站是幸福,30176770,https://movie.douban.com/subject/30176770/
54,我的奇妙男友2之恋恋不忘,26826376,https://movie.douban.com/subject/26826376/
64,最亲爱的你,27005982,https://movie.douban.com/subject/27005982/
66,沉香如屑·沉香重华,35029547,https://movie.douban.com/subject/35029547/
68,女心理师,30313647,https://movie.douban.com/subject/30313647/
73,爱的二八定律,35152536,https://movie.douban.com/subject/35152536/
74,迷航昆仑墟,27073052,https://movie.douban.com/subject/27073052/
75,尚食,30463682,https://movie.douban.com/subject/30463682/
76,你微笑时很美,30148173,https://movie.douban.com/subject/30148173/
77,千古玦尘,26811532,https://movie.douban.com/subject/26811532/
78,1921,35125443,https://movie.douban.com/subject/35125443/
79,骊歌行,30400625,https://movie.douban.com/subject/30400625/
80,天舞纪,26926450,https://movie.douban.com/subject/26926450/
81,从前有座灵剑山,26877434,https://movie.douban.com/subject/26877434/
82,烈火军校,30157168,https://movie.douban.com/subject/30157168/
83,蓝色生死恋,26971645,https://movie.douban.com/subject/26971645/
84,招摇,27075195,https://movie.douban.com/subject/27075195/
97,延禧攻略,26999852,https://movie.douban.com/subject/26999852/
98,风吹半夏,35161592,https://movie.douban.com/subject/35161592/
99,幸福到万家,34951002,https://movie.douban.com/subject/34951002/
100,谁是凶手,35180907,https://movie.douban.com/subject/35180907/
103,知否知否应是绿肥红瘦,26928226,https://movie.douban.com/subject/26928226/
104,你和我的倾城时光,26386688,https://movie.douban.com/subject/26386688/
105,忘忧酒馆3,30317275,https://movie.douban.com/subject/30317275/
106,西游记女儿国,25829175,https://movie.douban.com/subject/25829175/
116,2017最美表演,27591954,https://movie.douban.com/subject/27591954/
119,谢谢你医生,34454212,https://movie.douban.com/subject/34454212/
120,新年快递,35753130,https://movie.douban.com/subject/35753130/
121,斛珠夫人,26798457,https://movie.douban.com/subject/26798457/
122,暴风眼,30476726,https://movie.douban.com/subject/30476726/
124,听见她说,35164015,https://movie.douban.com/subject/35164015/
125,三生三世枕上书,26915522,https://movie.douban.com/subject/26915522/
126,解放·终局营救,30454698,https://movie.douban.com/subject/30454698/
137,胡同,35274947,https://movie.douban.com/subject/35274947/
138,星汉灿烂·月升沧海,35452438,https://movie.douban.com/subject/35452438/
139,且试天下,26339609,https://movie.douban.com/subject/26339609/
140,国子监来了个女弟子,35131244,https://movie.douban.com/subject/35131244/
142,一不小心捡到爱,35082299,https://movie.douban.com/subject/35082299/
143,长歌行,26926445,https://movie.douban.com/subject/26926445/
144,我，喜欢你,34908020,https://movie.douban.com/subject/34908020/
145,传闻中的陈芊芊,34463197,https://movie.douban.com/subject/34463197/
146,三千鸦杀,27611494,https://movie.douban.com/subject/27611494/
147,天雷一部之春花秋月,30258233,https://movie.douban.com/subject/30258233/
148,青囊传,30156330,https://movie.douban.com/subject/30156330/
150,最动听的事,27663766,https://movie.douban.com/subject/27663766/
168,与君初相识·恰似故人归,35235410,https://movie.douban.com/subject/35235410/
169,你是我的荣耀,33454980,https://movie.douban.com/subject/33454980/
171,造相馆,35348423,https://movie.douban.com/subject/35348423/
172,幸福，触手可及！,27073044,https://movie.douban.com/subject/27073044/
174,一千零一夜,27088995,https://movie.douban.com/subject/27088995/
175,21克拉,26691361,https://movie.douban.com/subject/26691361/
176,烈火如歌,26703476,https://movie.douban.com/subject/26703476/
186,解忧杂货店,26654146,https://movie.douban.com/subject/26654146/
187,满江红,35766491,https://movie.douban.com/subject/35766491/
189,世间有她,35187381,https://movie.douban.com/subject/35187381/
190,长津湖之水门桥,35613853,https://movie.douban.com/subject/35613853/
191,奇迹·笨小孩,35312437,https://movie.douban.com/subject/35312437/
193,长津湖,25845392,https://movie.douban.com/subject/25845392/
194,湾区升明月——2021大湾区中秋电影音乐晚会,35603036,https://movie.douban.com/subject/35603036/
195,中国医生,35087699,https://movie.douban.com/subject/35087699/
196,送你一朵小红花,35096844,https://movie.douban.com/subject/35096844/
197,冷血狂宴,26673282,https://movie.douban.com/subject/26673282/
198,热血同行,27145093,https://movie.douban.com/subject/27145093/
213,少年的你,30166972,https://movie.douban.com/subject/30166972/
